latitude,longitude,random_id,set,area,,,
29.9529004,-90.07059664,0.429537537,cameras,FQ,,,
29.95310368,-90.06916653,0.664662787,cameras,FQ,,,
29.95346489,-90.06873549,0.801319872,cameras,FQ,,,
29.95350317,-90.06737365,0.65824152,cameras,FQ,,,
29.95360547,-90.06566543,0.559937808,cameras,FQ,,,
29.95370058,-90.07005953,0.204382708,cameras,FQ,,,
29.95395759,-90.06982946,0.959945919,cameras,FQ,,,
29.95420704,-90.06948401,0.231845602,cameras,FQ,,,
29.95439599,-90.06887508,0.202128154,cameras,FQ,,,
29.95471341,-90.06915303,0.397356699,cameras,FQ,,,
29.95531813,-90.07004448,0.086284465,cameras,FQ,,,
29.95549212,-90.06845937,0.79709061,cameras,FQ,,,
29.95582185,-90.06824313,0.565835453,cameras,FQ,,,
29.9558775,-90.06822336,0.051320008,cameras,FQ,,,
29.95628035,-90.06775069,0.036967383,cameras,FQ,,,
29.95665948,-90.06752904,0.252709358,cameras,FQ,,,
29.95704071,-90.06706977,0.700175743,cameras,FQ,,,
29.95764053,-90.06796757,0.187817034,cameras,FQ,,,
29.95782843,-90.06636763,0.336393833,cameras,FQ,,,
29.95797788,-90.06610848,0.671266473,cameras,FQ,,,
29.95861082,-90.06566875,0.326654007,cameras,FQ,,,
29.95902895,-90.06528471,0.957960893,cameras,FQ,,,
29.95948475,-90.06488729,0.872449324,cameras,FQ,,,
29.95964743,-90.0648222,0.174577416,cameras,FQ,,,
29.96023902,-90.06429842,0.35311638,cameras,FQ,,,
29.96106843,-90.06347294,0.4848223,cameras,FQ,,,
29.95009445,-90.06431613,0.566514422,cameras,FQ,,,
29.95354081,-90.07541601,0.2334369,cameras,FQ,,,
29.9541597,-90.07394124,0.758764119,cameras,FQ,,,
29.95611884,-90.07364439,0.411191241,cameras,FQ,,,
29.95802979,-90.0723882,0.081641447,cameras,FQ,,,
29.95896103,-90.06992563,0.749247068,cameras,FQ,,,
29.96140965,-90.06762788,0.440263502,cameras,FQ,,,
29.96344297,-90.06675702,0.569788202,cameras,FQ,,,
29.90461642,-89.9919759,0.550706297,cameras,,,,
29.90611457,-89.98965837,0.359122246,cameras,,,,
29.90622961,-89.99517056,0.418997974,cameras,,,,
29.90755454,-90.01822941,0.02675392,cameras,,,,
29.90781584,-89.98767029,0.042216896,cameras,,,,
29.90894897,-89.99668024,0.17909111,cameras,,,,
29.91644873,-90.11619879,0.099630058,cameras,,,,
29.91647797,-90.11064664,0.68341859,cameras,,,,
29.91713135,-90.10123512,0.432767047,cameras,,,,
29.91750016,-89.9832345,0.140467311,cameras,,,,
29.91836332,-90.08673464,0.201289732,cameras,,,,
29.91866595,-90.02259691,0.607559524,cameras,,,,
29.91977247,-89.97628158,0.11900171,cameras,,,,
29.92028234,-89.97691217,0.453755392,cameras,,,,
29.92051075,-90.10539925,0.290195281,cameras,,,,
29.92076531,-90.10130967,0.815126617,cameras,,,,
29.92088541,-90.1150943,0.434134166,cameras,,,,
29.92098001,-89.97470195,0.534837163,cameras,,,,
29.92181568,-90.01465646,0.75064856,cameras,,,,
29.92254101,-90.0225093,0.220911008,cameras,,,,
29.9233104,-89.98426956,0.847897041,cameras,,,,
29.92369202,-90.08060489,0.889387818,cameras,,,,
29.92372564,-90.0782951,0.757158825,cameras,,,,
29.92376049,-90.00754006,0.250253339,cameras,,,,
29.9239016,-89.98512143,0.884271866,cameras,,,,
29.92455563,-90.08546656,0.263072907,cameras,,,,
29.92527095,-90.02109245,0.739561793,cameras,,,,
29.92558692,-90.07335407,0.693991085,cameras,,,,
29.92657122,-90.10219766,0.560537193,cameras,,,,
29.9270609,-90.09474664,0.563563229,cameras,,,,
29.92774837,-90.13358841,0.055293462,cameras,,,,
29.92795389,-90.06999161,0.346026799,cameras,,,,
29.92820151,-90.09130019,0.794588518,cameras,,,,
29.92863875,-90.03702348,0.767654957,cameras,,,,
29.92866216,-90.02570324,0.651200766,cameras,,,,
29.92913657,-90.08460704,0.342337082,cameras,,,,
29.92970246,-90.07017677,0.938231902,cameras,,,,
29.93002196,-90.03217206,0.03837765,cameras,,,,
29.93047666,-90.02006483,0.24013968,cameras,,,,
29.93055786,-90.04184666,0.963870596,cameras,,,,
29.93083122,-90.0268985,0.60619827,cameras,,,,
29.93088872,-90.08594743,0.58589873,cameras,,,,
29.93159843,-90.07386745,0.00394431,cameras,,,,
29.932252,-90.09556716,0.691340909,cameras,,,,
29.93270987,-90.08921519,0.934909035,cameras,,,,
29.93300011,-90.12059221,0.117301766,cameras,,,,
29.93352754,-90.01820787,0.599076575,cameras,,,,
29.93399781,-90.02446044,0.471190658,cameras,,,,
29.93399998,-90.08059561,0.967068749,cameras,,,,
29.93433456,-90.09040676,0.008097013,cameras,,,,
29.93485488,-90.08539533,0.993205763,cameras,,,,
29.935158,-90.12381401,0.169950748,cameras,,,,
29.93545299,-90.10060284,0.24489691,cameras,,,,
29.93635966,-90.03429275,0.317789104,cameras,,,,
29.93639765,-90.08890895,0.240543901,cameras,,,,
29.93723247,-90.12692613,0.628854585,cameras,,,,
29.93735064,-90.11841777,0.532296834,cameras,,,,
29.93761428,-90.09094917,0.633478823,cameras,,,,
29.93804784,-90.02610372,0.047738264,cameras,,,,
29.93849017,-90.03269521,0.161401774,cameras,,,,
29.93882815,-90.09799179,0.825416992,cameras,,,,
29.93901449,-90.12553522,0.713759783,cameras,,,,
29.9391163,-90.07561011,0.938917384,cameras,,,,
29.93913775,-90.04150714,0.876663879,cameras,,,,
29.9392927,-90.05049964,0.839086554,cameras,,,,
29.93994972,-90.08916604,0.135483043,cameras,,,,
29.94007236,-90.10356648,0.188814131,cameras,,,,
29.94026063,-90.09992315,0.536893605,cameras,,,,
29.94044643,-90.07797928,0.498698446,cameras,,,,
29.94049774,-90.02253448,0.299084031,cameras,,,,
29.94059635,-90.12428761,0.751310415,cameras,,,,
29.94085885,-90.11663888,0.60486389,cameras,,,,
29.94087391,-90.07598336,0.080221125,cameras,,,,
29.94119985,-90.09662276,0.765543601,cameras,,,,
29.94123088,-90.08363541,0.519069722,cameras,,,,
29.941346,-90.12888029,0.236932384,cameras,,,,
29.94140188,-90.12365288,0.183672874,cameras,,,,
29.94150557,-90.07343719,0.314301997,cameras,,,,
29.94257385,-90.02009432,0.908431656,cameras,,,,
29.94267946,-90.11969663,0.578060717,cameras,,,,
29.94322908,-90.07197625,0.529866364,cameras,,,,
29.94340259,-90.09058134,0.276406763,cameras,,,,
29.94352695,-90.08360762,0.533110436,cameras,,,,
29.94356576,-90.09701207,0.3409129,cameras,,,,
29.94379648,-90.08677118,0.503028806,cameras,,,,
29.94381065,-90.12175204,0.321160198,cameras,,,,
29.94398847,-90.07367426,0.583035825,cameras,,,,
29.94446157,-90.04846243,0.126366186,cameras,,,,
29.94467393,-90.07960376,0.114368649,cameras,,,,
29.94480373,-90.0883179,0.00530238,cameras,,,,
29.94496534,-90.03682932,0.550435015,cameras,,,,
29.94516815,-90.04092668,0.164190655,cameras,,,,
29.94527784,-90.04315054,0.773043639,cameras,,,,
29.9452931,-90.0919892,0.477681409,cameras,,,,
29.94542651,-90.12047687,0.336357526,cameras,,,,
29.94593031,-90.07168369,0.872105223,cameras,,,,
29.94595041,-90.09643062,0.160637956,cameras,,,,
29.94606031,-90.02090184,0.365733415,cameras,,,,
29.94625422,-90.1141596,0.48345085,cameras,,,,
29.94635507,-90.09390905,0.776894557,cameras,,,,
29.94637691,-90.08869531,0.481611311,cameras,,,,
29.94649476,-90.05227096,0.604871,cameras,,,,
29.9467221,-90.11435728,0.266968641,cameras,,,,
29.94736921,-90.12979152,0.802085763,cameras,,,,
29.94809209,-90.06489593,0.452234864,cameras,,,,
29.94810964,-90.06973176,0.024607404,cameras,,,,
29.94813558,-90.06492778,0.744322981,cameras,,,,
29.94827061,-90.04074538,0.973940877,cameras,,,,
29.94831954,-90.07087393,0.694868904,cameras,,,,
29.94862716,-90.05056268,0.902530435,cameras,,,,
29.94864483,-90.1179418,0.365363138,cameras,,,,
29.94878597,-90.1315516,0.353404259,cameras,,,,
29.94884378,-90.11521468,0.218779305,cameras,,,,
29.94894669,-90.10453141,0.762874529,cameras,,,,
29.9494251,-90.08794023,0.019535227,cameras,,,,
29.95046717,-90.10132144,0.426477393,cameras,,,,
29.95094905,-90.11612356,0.102254511,cameras,,,,
29.95149086,-90.10114169,0.416390206,cameras,,,,
29.95206279,-90.13561337,0.739223042,cameras,,,,
29.95217393,-90.13247886,0.975057715,cameras,,,,
29.95264216,-90.10766074,0.783112522,cameras,,,,
29.95382777,-90.1181831,0.832592005,cameras,,,,
29.9541618,-90.05370588,0.146460035,cameras,,,,
29.95419536,-90.10249907,0.451895888,cameras,,,,
29.95431089,-90.01148152,0.674775762,cameras,,,,
29.95499961,-90.12946902,0.604215436,cameras,,,,
29.95513121,-90.06867359,0.446213519,cameras,,,,
29.95540451,-90.10960423,0.972265584,cameras,,,,
29.95631393,-90.1310832,0.496125599,cameras,,,,
29.95651951,-90.10483704,0.563812138,cameras,,,,
29.95676042,-90.11162655,0.792284999,cameras,,,,
29.95728283,-90.06672856,0.107873517,cameras,,,,
29.95754868,-90.10484136,0.902982085,cameras,,,,
29.95847655,-90.11021705,0.318713721,cameras,,,,
29.958898,-90.07743863,0.599039047,cameras,,,,
29.95933425,-90.01344005,0.184086047,cameras,,,,
29.95990509,-90.01136585,0.142024794,cameras,,,,
29.96006811,-90.02125083,0.220006873,cameras,,,,
29.96030758,-90.0359776,0.487569185,cameras,,,,
29.96104653,-90.11513766,0.733980255,cameras,,,,
29.96133062,-90.07079797,0.150067255,cameras,,,,
29.96176891,-90.11120002,0.543725745,cameras,,,,
29.96201596,-90.05808164,0.19599406,cameras,,,,
29.96208537,-90.07268175,0.373663074,cameras,,,,
29.96212724,-90.01135307,0.003059585,cameras,,,,
29.96221702,-90.02052632,0.846305593,cameras,,,,
29.96226629,-90.12319437,0.139891018,cameras,,,,
29.96249807,-90.07635807,0.89001399,cameras,,,,
29.96254444,-90.0576828,0.429858156,cameras,,,,
29.96261894,-90.02229543,0.761656939,cameras,,,,
29.9627304,-90.08965234,0.704451408,cameras,,,,
29.96273041,-90.05401424,0.825369016,cameras,,,,
29.96293538,-90.0740024,0.131003252,cameras,,,,
29.96314208,-90.11289793,0.947432626,cameras,,,,
29.96316555,-90.02020256,0.164682788,cameras,,,,
29.96319437,-90.04854242,0.535477508,cameras,,,,
29.96320749,-90.0744993,0.528513554,cameras,,,,
29.96353296,-90.05776008,0.343457207,cameras,,,,
29.96357669,-90.10017806,0.624188422,cameras,,,,
29.96375298,-90.03294176,0.204868988,cameras,,,,
29.96375654,-90.07523896,0.800817968,cameras,,,,
29.96421624,-90.07610899,0.39225444,cameras,,,,
29.96427735,-90.12105848,0.015682009,cameras,,,,
29.96433993,-90.0896933,0.448996819,cameras,,,,
29.96436767,-90.01188946,0.188140131,cameras,,,,
29.96442168,-90.05751051,0.585092393,cameras,,,,
29.96449922,-90.07325855,0.068846181,cameras,,,,
29.96459278,-90.00883537,0.374047254,cameras,,,,
29.96467642,-90.07706105,0.829679615,cameras,,,,
29.96476922,-90.03157989,0.08690261,cameras,,,,
29.96477221,-90.06014932,0.188394658,cameras,,,,
29.96487042,-90.07856343,0.2234373,cameras,,,,
29.96494935,-90.08253624,0.176128885,cameras,,,,
29.96504632,-90.0573184,0.577490418,cameras,,,,
29.96529516,-90.07918665,0.223082955,cameras,,,,
29.96549828,-90.07948591,0.295024161,cameras,,,,
29.9655279,-90.12577769,0.306888662,cameras,,,,
29.96557612,-90.05764029,0.975438155,cameras,,,,
29.96579109,-90.07032343,0.212589086,cameras,,,,
29.96581264,-90.03639347,0.558301809,cameras,,,,
29.96585194,-90.11785922,0.227102492,cameras,,,,
29.96590313,-90.06372265,0.976465544,cameras,,,,
29.96601517,-90.09437982,0.00707265,cameras,,,,
29.96602577,-90.07454427,0.988169804,cameras,,,,
29.96628318,-90.03806057,0.493798447,cameras,,,,
29.96651757,-90.08106142,0.514344453,cameras,,,,
29.96664825,-90.11397809,0.241009905,cameras,,,,
29.96670547,-90.11249633,0.998308577,cameras,,,,
29.96675442,-90.08233239,0.810011072,cameras,,,,
29.96705633,-90.0423801,0.411626529,cameras,,,,
29.96711964,-90.12104751,0.07598124,cameras,,,,
29.96716663,-90.10805925,0.7206211,cameras,,,,
29.96735506,-90.07071292,0.294668345,cameras,,,,
29.96737244,-90.05922592,0.023428339,cameras,,,,
29.96744175,-90.0776084,0.146213661,cameras,,,,
29.96762038,-90.12805954,0.870635541,cameras,,,,
29.96778419,-90.02253152,0.042436638,cameras,,,,
29.96783487,-90.08300277,0.406041807,cameras,,,,
29.96783957,-90.05205834,0.315221699,cameras,,,,
29.96785965,-90.11872693,0.372934212,cameras,,,,
29.9681956,-90.10147794,0.391666319,cameras,,,,
29.96821801,-90.0326551,0.911400626,cameras,,,,
29.96860201,-90.12715615,0.656961819,cameras,,,,
29.96877662,-90.08426312,0.629361689,cameras,,,,
29.96877858,-90.02029173,0.016059626,cameras,,,,
29.96900569,-90.08469256,0.812558422,cameras,,,,
29.96901252,-90.1036876,0.418752083,cameras,,,,
29.9691987,-90.12190922,0.130658485,cameras,,,,
29.96934178,-90.08902601,0.755385826,cameras,,,,
29.96944108,-90.06823818,0.281079803,cameras,,,,
29.96960096,-90.06691961,0.571509365,cameras,,,,
29.96980429,-90.10578548,0.929041898,cameras,,,,
29.96981551,-90.07819237,0.245423119,cameras,,,,
29.96983924,-90.12115323,0.561704467,cameras,,,,
29.96993691,-90.09416732,0.748712153,cameras,,,,
29.97013896,-90.06407675,0.46337293,cameras,,,,
29.97024761,-90.08703801,0.258603208,cameras,,,,
29.97049441,-90.00262661,0.318058572,cameras,,,,
29.97051308,-90.0879236,0.350677901,cameras,,,,
29.97052157,-90.05703448,0.78687517,cameras,,,,
29.97061733,-90.08285259,0.893984606,cameras,,,,
29.97067438,-90.07179872,0.714784579,cameras,,,,
29.97088063,-90.06773115,0.472299959,cameras,,,,
29.97118888,-90.12121901,0.612661118,cameras,,,,
29.97119126,-90.08021112,0.430120453,cameras,,,,
29.97121008,-90.08873362,0.127542349,cameras,,,,
29.97122786,-90.06295484,0.822009312,cameras,,,,
29.97137023,-90.06065948,0.163940818,cameras,,,,
29.97142935,-90.11350645,0.586348072,cameras,,,,
29.97159836,-90.08940325,0.593428682,cameras,,,,
29.9719724,-90.12045034,0.829571584,cameras,,,,
29.97206728,-90.07758392,0.997525235,cameras,,,,
29.97209424,-90.11420711,0.440772055,cameras,,,,
29.9721494,-90.06693577,0.72547458,cameras,,,,
29.97277761,-90.0913653,0.161730143,cameras,,,,
29.97289699,-90.06981651,0.221459575,cameras,,,,
29.97293889,-90.09176085,0.482741685,cameras,,,,
29.97308918,-90.0658652,0.520562245,cameras,,,,
29.97335326,-90.05729133,0.840729075,cameras,,,,
29.97337592,-90.06080752,0.805950655,cameras,,,,
29.9734567,-90.11426446,0.82344735,cameras,,,,
29.9735296,-90.05855425,0.474784387,cameras,,,,
29.97364825,-90.07807499,0.18246241,cameras,,,,
29.97375446,-90.11998686,0.115483555,cameras,,,,
29.97392455,-90.10108532,0.22400737,cameras,,,,
29.97417824,-90.08062693,0.616350357,cameras,,,,
29.97468479,-90.09327429,0.801688702,cameras,,,,
29.97475321,-90.09164277,0.797109798,cameras,,,,
29.97477333,-90.05488406,0.02487964,cameras,,,,
29.97480737,-90.06666172,0.677766523,cameras,,,,
29.97513142,-90.00260946,0.207037651,cameras,,,,
29.9751862,-90.04918594,0.116805574,cameras,,,,
29.97532206,-90.10031613,0.564687062,cameras,,,,
29.97551282,-90.08261808,0.498328505,cameras,,,,
29.9756315,-90.09476837,0.321922687,cameras,,,,
29.97604208,-90.05225184,0.693686718,cameras,,,,
29.97624081,-90.09568168,0.133144589,cameras,,,,
29.97624587,-90.07645472,0.628306874,cameras,,,,
29.97714025,-90.03747742,0.800733176,cameras,,,,
29.97716054,-90.01341983,0.169112455,cameras,,,,
29.97721057,-90.04786235,0.569805166,cameras,,,,
29.97727452,-90.04826691,0.762470815,cameras,,,,
29.97742251,-90.09728397,0.670057038,cameras,,,,
29.9776077,-90.09763539,0.360159293,cameras,,,,
29.97763137,-90.010527,0.313656312,cameras,,,,
29.9776675,-90.01538493,0.389951097,cameras,,,,
29.97781549,-90.05513484,0.257318728,cameras,,,,
29.97876393,-90.05634483,0.867680303,cameras,,,,
29.97879091,-90.09940658,0.960055335,cameras,,,,
29.9788372,-90.01585008,0.566416726,cameras,,,,
29.97887364,-90.08244051,0.275541678,cameras,,,,
29.9792741,-90.09568232,0.032899181,cameras,,,,
29.97964078,-90.07770153,0.71551882,cameras,,,,
29.98013927,-90.06739191,0.566867427,cameras,,,,
29.9802704,-90.0849462,0.058367145,cameras,,,,
29.98125546,-90.06500212,0.904431611,cameras,,,,
29.98144342,-90.06260625,0.713036829,cameras,,,,
29.9814539,-90.08603134,0.078100019,cameras,,,,
29.98221466,-90.03597782,0.358740826,cameras,,,,
29.98231659,-90.06501129,0.493924768,cameras,,,,
29.98280304,-90.108768,0.531170603,cameras,,,,
29.9833635,-90.07184486,0.562674352,cameras,,,,
29.98395857,-90.05447648,0.840531049,cameras,,,,
29.9840007,-90.102724,0.302647114,cameras,,,,
29.98537987,-90.03491105,0.027805055,cameras,,,,
29.98574848,-90.07642111,0.442141796,cameras,,,,
29.986384,-90.03944567,0.678709642,cameras,,,,
29.98766791,-90.03536108,0.282946204,cameras,,,,
29.98783699,-90.08313333,0.500537073,cameras,,,,
29.98788106,-90.03627161,0.658938584,cameras,,,,
29.98818303,-90.06726308,0.575910438,cameras,,,,
29.98827047,-90.11676173,0.093903994,cameras,,,,
29.98870839,-90.07500516,0.133741068,cameras,,,,
29.98880931,-90.05859653,0.132996275,cameras,,,,
29.9891886,-90.08694834,0.00607095,cameras,,,,
29.98937309,-90.0661974,0.439482643,cameras,,,,
29.98938125,-90.07308729,0.359149847,cameras,,,,
29.98983154,-90.07299522,0.79023484,cameras,,,,
29.99135768,-90.06691779,0.250424219,cameras,,,,
29.99136292,-90.04945624,0.55699774,cameras,,,,
29.99181959,-90.03410127,0.677188235,cameras,,,,
29.99227266,-90.03500597,0.472405561,cameras,,,,
29.99247682,-90.1096089,0.372934487,cameras,,,,
29.99277788,-90.09287881,0.857320646,cameras,,,,
29.99301029,-90.07336756,0.989065837,cameras,,,,
29.99331258,-90.10045904,0.148873912,cameras,,,,
29.99368185,-90.03534039,0.685788593,cameras,,,,
29.99371838,-90.04964756,0.574462339,cameras,,,,
29.99375783,-90.07758853,0.929069944,cameras,,,,
29.99394125,-90.10948612,0.776072699,cameras,,,,
29.99659693,-90.0355423,0.854888278,cameras,,,,
29.99671229,-90.0795187,0.004822737,cameras,,,,
29.99747873,-90.05356717,0.564797784,cameras,,,,
29.99834689,-90.06051724,0.626561359,cameras,,,,
29.99934126,-90.08612442,0.645185919,cameras,,,,
29.99960798,-90.05942805,0.439777337,cameras,,,,
29.99992877,-90.11494861,0.230320493,cameras,,,,
30.00065864,-90.11616826,0.53305834,cameras,,,,
30.00133304,-90.05605086,0.841202574,cameras,,,,
30.00184966,-90.03581684,0.804948528,cameras,,,,
30.00388776,-90.10047706,0.361525783,cameras,,,,
30.00448637,-90.10680701,0.327762735,cameras,,,,
30.00514686,-90.05142577,0.448903637,cameras,,,,
30.00516303,-90.03313122,0.953877639,cameras,,,,
30.00540011,-90.02923623,0.498293741,cameras,,,,
30.00540584,-90.03638919,0.828299828,cameras,,,,
30.00564932,-90.04108331,0.859603168,cameras,,,,
30.00568575,-90.11852596,0.424754971,cameras,,,,
30.00872449,-90.11752291,0.057612858,cameras,,,,
30.00963525,-90.00884123,0.124486966,cameras,,,,
30.00991615,-90.0197286,0.657951453,cameras,,,,
30.01000817,-90.02094012,0.092529722,cameras,,,,
30.01082143,-89.99842627,0.449352082,cameras,,,,
30.01120966,-90.0097758,0.9577284,cameras,,,,
30.01158595,-90.1007745,0.145673256,cameras,,,,
30.0116722,-90.07486017,0.612416246,cameras,,,,
30.01229588,-90.0383736,0.828182771,cameras,,,,
30.01230732,-90.06017376,0.391170578,cameras,,,,
30.01231382,-89.99862943,0.776041934,cameras,,,,
30.01280323,-90.0099792,0.994634466,cameras,,,,
30.01339491,-89.99291433,0.386630151,cameras,,,,
30.01372058,-90.01899243,0.753853077,cameras,,,,
30.01424874,-90.02143089,0.238835552,cameras,,,,
30.01661379,-90.0652289,0.440319566,cameras,,,,
30.01690297,-90.01429666,0.13926118,cameras,,,,
30.01752225,-90.05143564,0.481968367,cameras,,,,
30.01848472,-90.02174693,0.96047119,cameras,,,,
30.01890879,-90.09680049,0.886318372,cameras,,,,
30.01945117,-90.10554776,0.641880932,cameras,,,,
30.01996916,-90.04366156,0.535536827,cameras,,,,
30.02011778,-90.11358308,0.943094036,cameras,,,,
30.02098236,-90.07547473,0.022007031,cameras,,,,
30.02143827,-90.06932046,0.150600436,cameras,,,,
30.02271333,-90.05172944,0.260064026,cameras,,,,
30.02351334,-90.06100853,0.756438019,cameras,,,,
30.02432043,-89.98867059,0.158273008,cameras,,,,
30.02596874,-89.95578167,0.929205509,cameras,,,,
30.02628466,-90.02448393,0.866988906,cameras,,,,
30.02645234,-90.05205886,0.876574888,cameras,,,,
30.02653282,-89.99987579,0.781086721,cameras,,,,
30.02746496,-89.99206746,0.835882803,cameras,,,,
30.02847684,-89.99312076,0.077102176,cameras,,,,
30.02874578,-90.0163497,0.684426262,cameras,,,,
30.02887248,-90.04574347,0.683748208,cameras,,,,
30.02920429,-90.0412976,0.761024721,cameras,,,,
30.02929534,-89.98567562,0.76180927,cameras,,,,
30.02952714,-90.01265877,0.859036064,cameras,,,,
30.03097162,-89.98548425,0.694234485,cameras,,,,
30.03114755,-89.92782725,0.983300073,cameras,,,,
30.03223224,-89.99498845,0.524225503,cameras,,,,
30.03231192,-90.02664645,0.93363071,cameras,,,,
30.0325001,-89.95424464,0.79261611,cameras,,,,
30.03290613,-90.02609853,0.410237675,cameras,,,,
30.03341003,-89.98761213,0.061858116,cameras,,,,
30.03551642,-89.97504658,0.899165319,cameras,,,,
30.03557869,-89.98869052,0.354161131,cameras,,,,
30.03641196,-89.91162009,0.440846672,cameras,,,,
30.03763347,-89.90715118,0.562586896,cameras,,,,
30.03784776,-90.01129819,0.840505194,cameras,,,,
30.03847745,-89.91255628,0.118964871,cameras,,,,
30.03848376,-89.97693048,0.445919218,cameras,,,,
30.03894661,-89.98826374,0.093342765,cameras,,,,
30.03896944,-89.95515358,0.706366819,cameras,,,,
30.04045692,-89.99474448,0.575643751,cameras,,,,
30.04281243,-89.90993448,0.141115998,cameras,,,,
30.04306628,-89.96709905,0.150052905,cameras,,,,
30.04471741,-89.95965159,0.107893514,cameras,,,,
30.04611518,-89.98211626,0.008486698,cameras,,,,
30.04737744,-89.96239757,0.969144623,cameras,,,,
30.04755568,-89.97916565,0.284851333,cameras,,,,
30.04853134,-89.98548892,0.382217892,cameras,,,,
30.05197936,-89.97872948,0.206310817,cameras,,,,
30.05591584,-89.94735349,0.985556488,cameras,,,,
30.05635843,-89.95581359,0.053223595,cameras,,,,
30.05686618,-89.9701829,0.167965864,cameras,,,,
30.05836461,-89.93101523,0.771195341,cameras,,,,
30.06192975,-89.92827306,0.495099433,cameras,,,,
30.06924451,-89.94589234,0.367296142,cameras,,,,
